cfb_school,nces_name,processed_date
Abilene Christian,Abilene Christian University,2025-10-19T15:49:14.390838
Air Force,United States Air Force Academy,2025-10-19T15:49:14.390838
Akron,The University of Akron,2025-10-19T15:49:14.390838
Alabama,The University of Alabama,2025-10-19T15:49:14.390838
Alabama A&M,Alabama A & M University,2025-10-19T15:49:14.390838
Alabama State,Alabama State University,2025-10-19T15:49:14.390838
Albany,John C Calhoun State Community College,2025-10-19T15:49:14.390838
Alcorn State,Alabama State University,2025-10-19T15:49:14.390838
Appalachian State,Appalachian State University,2025-10-19T15:49:14.390838
Arizona,The University of Arizona,2025-10-19T15:49:14.390838
Arizona State,Arizona State University,2025-10-19T15:49:14.390838
Arkansas,University of Arkansas,2025-10-19T15:49:14.390838
Arkansas State,Arkansas State University,2025-10-19T15:49:14.390838
Arkansas-Pine Bluff,University of Arkansas at Pine Bluff,2025-10-19T15:49:14.390838
Army,United States Military Academy,2025-10-19T15:49:14.390838
Auburn,Auburn University,2025-10-19T15:49:14.390838
Austin Peay,Austin Peay State University,2025-10-19T15:49:14.390838
BYU,Brigham Young University-Provo,2025-10-19T15:49:14.390838
Ball State,Ball State University,2025-10-19T15:49:14.390838
Baylor,Baylor University,2025-10-19T15:49:14.390838
Bethune Cookman,NO_MATCH,2025-10-19T15:49:14.390838
Boise State,Boise State University,2025-10-19T15:49:14.390838
Boston College,Boston College,2025-10-19T15:49:14.390838
Bowling Green,Bowling Green State University,2025-10-19T15:49:14.390838
Bryant,Bryant University,2025-10-19T15:49:14.390838
Bucknell,Bucknell University,2025-10-19T15:49:14.390838
Buffalo,University at Buffalo,2025-10-19T15:49:14.390838
Cal Poly SLO,California Polytechnic State University-San Luis Obispo,2025-10-19T15:49:14.390838
California,California,2025-10-19T15:49:14.390838
Campbell,Campbell University,2025-10-19T15:49:14.390838
Central Arkansas,University of Central Arkansas,2025-10-19T15:49:14.390838
Central Conn. State,Central Connecticut State University,2025-10-19T15:49:14.390838
Central Michigan,Central Michigan University,2025-10-19T15:49:14.390838
Charleston Southern,Charleston Southern University,2025-10-19T15:49:14.390838
Charlotte,University of North Carolina at Charlotte,2025-10-19T15:49:14.390838
Chattanooga,Chattahoochee Valley Community College,2025-10-19T15:49:14.390838
Cincinnati,University of Cincinnati,2025-10-19T15:49:14.390838
Citadel,"The Citadel, The Military College of South Carolina",2025-10-19T15:49:14.390838
Clemson,Clemson University,2025-10-19T15:49:14.390838
Coastal Carolina,Coastal Alabama Community College,2025-10-19T15:49:14.390838
Colgate,Colgate University,2025-10-19T15:49:14.390838
Colorado,University of Colorado Boulder,2025-10-19T15:49:14.390838
Colorado State,Colorado State University,2025-10-19T15:49:14.390838
Connecticut,University of Connecticut,2025-10-19T15:49:14.390838
Delaware,University of Delaware,2025-10-19T15:49:14.390838
Delaware State,Delaware State University,2025-10-19T15:49:14.390838
Drake,Drake University,2025-10-19T15:49:14.390838
Duke,Duke University,2025-10-19T15:49:14.390838
Duquesne,Duquesne University,2025-10-19T15:49:14.390838
East Carolina,East Carolina University,2025-10-19T15:49:14.390838
East Tennessee State,East Tennessee State University,2025-10-19T15:49:14.390838
East Texas A&M,Texas A&M University-Commerce,2025-10-19T15:49:14.390838
Eastern Illinois,Eastern Illinois University,2025-10-19T15:49:14.390838
Eastern Kentucky,Eastern Kentucky University,2025-10-19T15:49:14.390838
Eastern Michigan,Eastern Michigan University,2025-10-19T15:49:14.390838
Eastern Washington,Eastern Washington University,2025-10-19T15:49:14.390838
Elon University,Elon University,2025-10-19T15:49:14.390838
FIU,Florida International University,2025-10-19T15:49:14.390838
Florida,University of Florida,2025-10-19T15:49:14.390838
Florida A&M,Alabama A & M University,2025-10-19T15:49:14.390838
Florida Atlantic,Florida Atlantic University,2025-10-19T15:49:14.390838
Florida State,Florida State University,2025-10-19T15:49:14.390838
Fordham,Fordham University,2025-10-19T15:49:14.390838
Fresno State,California State University-Fresno,2025-10-19T15:49:14.390838
Furman,Furman University,2025-10-19T15:49:14.390838
Gardner Webb,Gardner-Webb University,2025-10-19T15:49:14.390838
Georgia,The University of Georgia,2025-10-19T15:49:14.390838
Georgia Southern,Georgia Southern University,2025-10-19T15:49:14.390838
Georgia State,Georgia State University,2025-10-19T15:49:14.390838
Georgia Tech,Georgia Institute of Technology-Main Campus,2025-10-19T15:49:14.390838
Grambling State,Grambling State University,2025-10-19T15:49:14.390838
Hampton,Hampton University,2025-10-19T15:49:14.390838
Hawaii,University of Hawaii at Manoa,2025-10-19T15:49:14.390838
Hofstra,Hofstra University,2025-10-19T15:49:14.390838
Holy Cross,NO_MATCH,2025-10-19T15:49:14.390838
Houston,University of Houston,2025-10-19T15:49:14.390838
Houston Baptist,Houston Christian University,2025-10-19T15:49:14.390838
Houston Christian,Houston Christian University,2025-10-19T15:49:14.390838
Howard,Howard University,2025-10-19T15:49:14.390838
Idaho,University of Idaho,2025-10-19T15:49:14.390838
Idaho State,Idaho State University,2025-10-19T15:49:14.390838
Illinois,University of Illinois Urbana-Champaign,2025-10-19T15:49:14.390838
Illinois State,Illinois State University,2025-10-19T15:49:14.390838
Incarnate Word,University of the Incarnate Word,2025-10-19T15:49:14.390838
Indiana,Indiana University,2025-10-19T15:49:14.390838
Indiana State,Indiana State University,2025-10-19T15:49:14.390838
Iowa,The University of Iowa,2025-10-19T15:49:14.390838
Iowa State,Iowa State University,2025-10-19T15:49:14.390838
Jackson State,Jackson State University,2025-10-19T15:49:14.390838
Jacksonville State,Jacksonville State University,2025-10-19T15:49:14.390838
James Madison,James Madison University,2025-10-19T15:49:14.390838
Kansas,University of Kansas,2025-10-19T15:49:14.390838
Kansas State,Kansas State University,2025-10-19T15:49:14.390838
Kennesaw State,Kennesaw State University,2025-10-19T15:49:14.390838
Kent State,Kent State University,2025-10-19T15:49:14.390838
Kentucky,University of Kentucky,2025-10-19T15:49:14.390838
LIU,Long Island University,2025-10-19T15:49:14.390838
LSU,Louisiana State University and Agricultural & Mechanical College,2025-10-19T15:49:14.390838
Lafayette,Lafayette College,2025-10-19T15:49:14.390838
Lamar,Lamar University,2025-10-19T15:49:14.390838
Lehigh,Lehigh University,2025-10-19T15:49:14.390838
Liberty,Liberty University,2025-10-19T15:49:14.390838
Lindenwood,Lindenwood University,2025-10-19T15:49:14.390838
Louisiana Tech,Louisiana Tech University,2025-10-19T15:49:14.390838
Louisville,University of Louisville,2025-10-19T15:49:14.390838
Maine,University of Maine,2025-10-19T15:49:14.390838
Marshall,Marshall University,2025-10-19T15:49:14.390838
Maryland,University of Maryland-College Park,2025-10-19T15:49:14.390838
Massachusetts,University of Massachusetts-Amherst,2025-10-19T15:49:14.390838
McNeese State,McNeese State University,2025-10-19T15:49:14.390838
Memphis,University of Memphis,2025-10-19T15:49:14.390838
Mercer,Mercer University,2025-10-19T15:49:14.390838
Merrimack,Merrimack College,2025-10-19T15:49:14.390838
Miami (FL),University of Miami,2025-10-19T15:49:14.390838
Miami (OH),NO_MATCH,2025-10-19T15:49:14.390838
Michigan,The University of Michigan,2025-10-19T15:49:14.390838
Michigan State,Michigan State University,2025-10-19T15:49:14.390838
Middle Tennessee,Middle Tennessee State University,2025-10-19T15:49:14.390838
Minnesota,University of Minnesota,2025-10-19T15:49:14.390838
Mississippi State,Mississippi State University,2025-10-19T15:49:14.390838
Mississippi Valley State,Mississippi Valley State University,2025-10-19T15:49:14.390838
Missouri,University of Missouri-Columbia,2025-10-19T15:49:14.390838
Missouri State,Missouri State University,2025-10-19T15:49:14.390838
Monmouth,Monmouth University,2025-10-19T15:49:14.390838
Montana,The University of Montana,2025-10-19T15:49:14.390838
Montana State,Montana State University,2025-10-19T15:49:14.390838
Morgan State,Morgan State University,2025-10-19T15:49:14.390838
Murray State,Murray State University,2025-10-19T15:49:14.390838
NC State,North Carolina State University at Raleigh,2025-10-19T15:49:14.390838
Navy,United States Naval Academy,2025-10-19T15:49:14.390838
Nebraska,University of Nebraska-Lincoln,2025-10-19T15:49:14.390838
Nevada,"University of Nevada, Reno",2025-10-19T15:49:14.390838
New Hampshire,University of New Hampshire,2025-10-19T15:49:14.390838
New Mexico,University of New Mexico,2025-10-19T15:49:14.390838
New Mexico State,New Mexico State University,2025-10-19T15:49:14.390838
Nicholls State,Nicholls State University,2025-10-19T15:49:14.390838
Norfolk State,Norfolk State University,2025-10-19T15:49:14.390838
North Alabama,University of Alabama in Huntsville,2025-10-19T15:49:14.390838
North Carolina,The University of North Carolina at Chapel Hill,2025-10-19T15:49:14.390838
North Carolina A&T,North Carolina A & T State University,2025-10-19T15:49:14.390838
North Carolina Central,North Carolina Central University,2025-10-19T15:49:14.390838
North Dakota,University of North Dakota,2025-10-19T15:49:14.390838
North Dakota State,North Dakota State University,2025-10-19T15:49:14.390838
North Texas,University of North Texas,2025-10-19T15:49:14.390838
Northeastern,Northeastern University,2025-10-19T15:49:14.390838
Northern Arizona,Northern Arizona University,2025-10-19T15:49:14.390838
Northern Colorado,University of Northern Colorado,2025-10-19T15:49:14.390838
Northern Illinois,Northern Illinois University,2025-10-19T15:49:14.390838
Northern Iowa,University of Northern Iowa,2025-10-19T15:49:14.390838
Northwestern,Northwestern University,2025-10-19T15:49:14.390838
Northwestern Oklahoma State,Northwestern Oklahoma State University,2025-10-19T15:49:14.390838
Northwestern State,Northwestern State University of Louisiana,2025-10-19T15:49:14.390838
Notre Dame,NO_MATCH,2025-10-19T15:49:14.390838
Ohio,Ohio University,2025-10-19T15:49:14.390838
Ohio State,The Ohio State University,2025-10-19T15:49:14.390838
Oklahoma,The University of Oklahoma,2025-10-19T15:49:14.390838
Oklahoma State,Oklahoma State University,2025-10-19T15:49:14.390838
Old Dominion,Old Dominion University,2025-10-19T15:49:14.390838
Ole Miss,The University of Mississippi,2025-10-19T15:49:14.390838
Oregon,University of Oregon,2025-10-19T15:49:14.390838
Oregon State,Oregon State University,2025-10-19T15:49:14.390838
Penn State,The Pennsylvania State University,2025-10-19T15:49:14.390838
Pittsburgh,University of Pittsburgh,2025-10-19T15:49:14.390838
Portland State,Portland State University,2025-10-19T15:49:14.390838
Prairie View A&M,API_ERROR,2025-10-19T15:49:14.390838
Presbyterian,Presbyterian College,2025-10-19T15:49:14.390838
Purdue,Purdue University,2025-10-19T15:49:14.390838
Rhode Island,University of Rhode Island,2025-10-19T15:49:14.390838
Rice,NO_MATCH,2025-10-19T15:49:14.390838
Richmond,University of Richmond,2025-10-19T15:49:14.390838
Robert Morris,Robert Morris University,2025-10-19T15:49:14.390838
Rutgers,"Rutgers, The State University of New Jersey",2025-10-19T15:49:14.390838
SE Missouri State,Southeast Missouri State University,2025-10-19T15:49:14.390838
SMU,Southern Methodist University,2025-10-19T15:49:14.390838
Sacramento State,"California State University, Sacramento",2025-10-19T15:49:14.390838
Sacred Heart,Sacred Heart University,2025-10-19T15:49:14.390838
Sam Houston State,Sam Houston State University,2025-10-19T15:49:14.390838
Samford,Samford University,2025-10-19T15:49:14.390838
San Diego,San Diego State University,2025-10-19T15:49:14.390838
San Diego State,San Diego State University,2025-10-19T15:49:14.390838
San Jose State,San Jose State University,2025-10-19T15:49:14.390838
Savannah State,Savannah State University,2025-10-19T15:49:14.390838
South Alabama,NO_MATCH,2025-10-19T15:49:14.390838
South Carolina,The University of South Carolina,2025-10-19T15:49:14.390838
South Carolina State,South Carolina State University,2025-10-19T15:49:14.390838
South Dakota,University of South Dakota,2025-10-19T15:49:14.390838
South Dakota State,South Dakota State University,2025-10-19T15:49:14.390838
Southeastern Louisiana,Southeastern Louisiana University,2025-10-19T15:49:14.390838
Southern,Southern University and A & M College,2025-10-19T15:49:14.390838
Southern Illinois,Southern Illinois University Carbondale,2025-10-19T15:49:14.390838
Southern Miss,The University of Southern Mississippi,2025-10-19T15:49:14.390838
Southern Utah,Southern Utah University,2025-10-19T15:49:14.390838
St. Francis (PA),Saint Francis University,2025-10-19T15:49:14.390838
Stanford,Stanford University,2025-10-19T15:49:14.390838
Stephen F. Austin,Stephen F. Austin State University,2025-10-19T15:49:14.390838
Stony Brook,Stony Brook University,2025-10-19T15:49:14.390838
Syracuse,Syracuse University,2025-10-19T15:49:14.390838
TCU,Texas Christian University,2025-10-19T15:49:14.390838
Tarleton State,Tarleton State University,2025-10-19T15:49:14.390838
Temple,NO_MATCH,2025-10-19T15:49:14.390838
Tennessee,"The University of Tennessee, Knoxville",2025-10-19T15:49:14.390838
Tennessee State,Tennessee State University,2025-10-19T15:49:14.390838
Tennessee Tech,Tennessee Technological University,2025-10-19T15:49:14.390838
Tennessee-Martin,University of Tennessee - Martin,2025-10-19T15:49:14.390838
Texas,The University of Texas at Austin,2025-10-19T15:49:14.390838
Texas A&M,Texas A & M University,2025-10-19T15:49:14.390838
Texas A&M-Commerce,Texas A&M University-Commerce,2025-10-19T15:49:14.390838
Texas Southern,Texas Southern University,2025-10-19T15:49:14.390838
Texas State,Texas State University,2025-10-19T15:49:14.390838
Texas Tech,Texas Tech University,2025-10-19T15:49:14.390838
